{"HammerSwing":{"Frame0":[1.0,36.0,50.0,1.0],"Frame1":[51.0,36.0,100.0,1.0],"Frame2":[101.0,36.0,150.0,1.0],"Frame3":[151.0,36.0,200.0,1.0],"Frame4":[201.0,36.0,250.0,1.0],"Frame5":[251.0,36.0,300.0,1.0],"Frame6":[301.0,36.0,349.0,1.0],"NumFrames":7,"Repeating":true,"SecsPerFrame":0.05000000074505806},"MarioSwim":{"Frame0":[3.0,64.0,20.0,44.0],"Frame1":[21.0,64.0,38.0,44.0],"Frame2":[39.0,64.0,56.0,44.0],"Frame3":[57.0,64.0,74.0,44.0],"Frame4":[75.0,64.0,92.0,44.0],"NumFrames":5,"Repeating":true,"SecsPerFrame":0.05000000074505806}}